"","Outcome","bias","RMSE"
"1","1",-0.0006178843835193,0.0193108344033985
"2","2",-0.00226617349521751,0.0176620944004833
"3","3",-0.00152766410679187,0.018475633464694
