"","Outcome","bias","RMSE"
"1","1",-3.0261441259622e-05,0.0144710787337904
"2","2",-0.000478299312503659,0.0140085824381276
"3","3",-0.000665833668798715,0.0138959559513572
