"","Outcome","bias","RMSE"
"1","1",0.00242989164455042,0.00724575705010357
"2","2",0.0060103082342801,0.00520832864134944
"3","3",0.00270992397507399,0.00727377197851012
